Split,mAP50-95,mAP50,Precision,Recall,Progress_MAE(0-1),Progress_RMSE(0-1)
val,0.000000,0.000000,0.000000,0.000000,19.454546,22.024780
